{
  "publicPath": "/public/",
  "all": [
    "0.817430a55e28561d8f9a.js",
    "1.3ac23aa79d03b79de7a1.js",
    "vendor.b39e2c64de7b0dad2343.js",
    "app.051022b7b3919c634269.js",
    "manifest.555056a6d2d285d45595.js"
  ],
  "initial": [
    "manifest.555056a6d2d285d45595.js",
    "vendor.b39e2c64de7b0dad2343.js",
    "app.051022b7b3919c634269.js"
  ],
  "async": [
    "0.817430a55e28561d8f9a.js",
    "1.3ac23aa79d03b79de7a1.js"
  ],
  "modules": {
    "37041694": [
      2
    ],
    "4f1c4079": [
      2
    ],
    "7ecc5a93": [
      2
    ],
    "3f9fc03d": [
      2
    ],
    "0c6a8993": [
      2
    ],
    "3d1c8bba": [
      2
    ],
    "b76be2a4": [
      2
    ],
    "5129eac8": [
      2
    ],
    "326f3250": [
      2
    ],
    "a19b1226": [
      2
    ],
    "a5e53390": [
      2
    ],
    "5cdde358": [
      2
    ],
    "5d2c878b": [
      2
    ],
    "64a6be38": [
      2
    ],
    "019932b8": [
      2
    ],
    "ea14fa2e": [
      2
    ],
    "625b2b35": [
      2
    ],
    "0eebd9c6": [
      2
    ],
    "b5103212": [
      2
    ],
    "acedb976": [
      2
    ],
    "400c516d": [
      2
    ],
    "093c77b6": [
      2
    ],
    "ea8fbde0": [
      2
    ],
    "53bccdb4": [
      2
    ],
    "180a5e06": [
      2
    ],
    "0c92b31a": [
      2
    ],
    "918ccc3a": [
      2
    ],
    "b844bc8e": [
      2
    ],
    "5063dcb1": [
      2
    ],
    "321a2c02": [
      2
    ],
    "63c1b910": [
      2
    ],
    "40b25a91": [
      2
    ],
    "11c56918": [
      2
    ],
    "3fec7129": [
      2
    ],
    "4c906f12": [
      2
    ],
    "4ee498ee": [
      2
    ],
    "a9d2aed2": [
      2
    ],
    "f37d154c": [
      2
    ],
    "337e8261": [
      2
    ],
    "7b3fa8c2": [
      2
    ],
    "63e3b0e0": [
      3
    ],
    "cf3dd940": [
      3
    ],
    "509f7b7e": [
      2
    ],
    "4039221f": [
      2
    ],
    "386f8ec7": [
      3
    ],
    "21311ea6": [
      3
    ],
    "3ca1e512": [
      3
    ],
    "6e9b3541": [
      3
    ],
    "49da98ee": [
      3
    ],
    "25f8b1f5": [
      3
    ],
    "bcd16796": [
      2
    ],
    "2f952e5e": [
      2
    ],
    "082eda27": [
      2
    ],
    "72796e33": [
      2
    ],
    "6d7b2dbd": [
      2
    ],
    "3a1f03dd": [
      2
    ],
    "377fbfc1": [
      2
    ],
    "72dc4225": [
      2
    ],
    "5f2858f8": [
      2
    ],
    "bdfbe0ac": [
      2
    ],
    "c44a5f3a": [
      2
    ],
    "0c205402": [
      2
    ],
    "bbe6ddbe": [
      2
    ],
    "0f49d61a": [
      2
    ],
    "685ecad1": [
      2
    ],
    "16098be9": [
      2
    ],
    "3cb24c70": [
      2
    ],
    "31aba003": [
      2
    ],
    "36c85864": [
      2
    ],
    "9565c658": [
      2
    ],
    "4a6f93a8": [
      2
    ],
    "2ad4c20c": [
      2
    ],
    "df14bd64": [
      2
    ],
    "7cfa27a1": [
      2
    ],
    "52a51503": [
      2
    ],
    "2d454284": [
      2
    ],
    "47759f07": [
      2
    ],
    "672c61ce": [
      2
    ],
    "3f62304e": [
      2
    ],
    "56e2b68a": [
      2
    ],
    "55cbc3be": [
      2
    ],
    "2aa06819": [
      2
    ],
    "68c793e6": [
      2
    ],
    "661ac954": [
      2
    ],
    "297a64e0": [
      2
    ],
    "7789af50": [
      2
    ],
    "29ae1e0a": [
      2
    ],
    "ecb529a2": [
      3
    ],
    "6ece8e90": [
      2
    ],
    "31f35de1": [
      2
    ],
    "345c1bbf": [
      2
    ],
    "b3c3c010": [
      2
    ],
    "6e616f72": [
      2
    ],
    "2babd4fe": [
      3
    ],
    "ed8e7604": [
      3
    ],
    "c4810ec2": [
      3
    ],
    "22cba435": [
      3
    ],
    "17d7815c": [
      2
    ],
    "5b8e31a8": [
      3
    ],
    "6aee8c88": [
      2
    ],
    "c553f42e": [
      2
    ],
    "10ca3a3e": [
      2
    ],
    "7b0a9780": [
      2
    ],
    "5c107b58": [
      2
    ],
    "f9a5ede2": [
      3
    ],
    "91eea28a": [
      1
    ],
    "7e8ecf43": [
      0
    ],
    "64342dd4": [
      0
    ],
    "7561fff8": [
      1
    ]
  }
}